{
  "interactionModel": {
    "languageModel": {
      "invocationName": "weather assistant",
      "intents": [
        {
          "name": "AMAZON.CancelIntent",
          "samples": []
        },
        {
          "name": "AMAZON.HelpIntent",
          "samples": []
        },
        {
          "name": "AMAZON.StopIntent",
          "samples": []
        },
        {
          "name": "HelloWorldIntent",
          "slots": [],
          "samples": [
            "hello",
            "how are you",
            "say hi world",
            "say hi",
            "hi",
            "say hello world",
            "say hello"
          ]
        },
        {
          "name": "AMAZON.NavigateHomeIntent",
          "samples": []
        },
        {
          "name": "AMAZON.FallbackIntent",
          "samples": []
        },
        {
          "name": "weatherIntent",
          "slots": [
            {
              "name": "cityName",
              "type": "AMAZON.City"
            }
          ],
          "samples": [
            "what is a weather of {cityName}",
            "tell me weather",
            "what is a weather today"
          ]
        }
      ],
      "types": []
    }
  },
  "version": "2"
}